currency,to_USD,
AUD,0.774394813,
BRL,0.304710039,
CAD,0.747211271,
CHF,1.046150143,
CNY,0.158036983,
EUR,1.107643001,
GBP,1.344329327,
HKD,0.13036114,
JPY,0.009876463,
USD, 1.00,
